{
  "description" : {
    "supportiveYears" : null,
    "businessModelDescription" : "Standardszenario für eine Woche mit einer Kundengruppe - Veriflex",
    "investmentCustomerSide" : null,
    "parameterAttention" : null,
    "creator" : null
  },
  "years" : [ {
    "config" : {
      "simulationlength" : 168,
      "savelength" : 96,
      "optimizationlength" : 168,
      "resolution" : 8760,
      "timestep" : 0.25,
      "modeldefinition" : 4,
      "year" : 2015,
      "prognoseszenario" : null,
      "interpolated" : false
    },
    "scalars" : {
      "sca_S_eff" : 25963.0,
      "sca_S_max" : 28.0,
      "sca_S_min" : 16.8,
      "sca_RU" : 1.0,
      "sca_RD" : 1.0,
      "par_D_Cl_tot" : 1380.82
    },
    "sets" : { },
    "timeseries" : {
      "par_D_Cl" : [ 8.219167, 8.219167, 8.219167, 8.219167, 8.219167, 8.219167, 8.219167, 8.219167, 8.219167, 8.219167, 8.219167, 8.219167, 8.219167, 8.219167, 8.219167, 8.219167, 8.219167, 8.219167, 8.219167, 8.219167, 8.219167, 8.219167, 8.219167, 8.219167, 8.219167, 8.219167, 8.219167, 8.219167, 8.219167, 8.219167, 8.219167, 8.219167, 8.219167, 8.219167, 8.219167, 8.219167, 8.219167, 8.219167, 8.219167, 8.219167, 8.219167, 8.219167, 8.219167, 8.219167, 8.219167, 8.219167, 8.219167, 8.219167, 8.219167, 8.219167, 8.219167, 8.219167, 8.219167, 8.219167, 8.219167, 8.219167, 8.219167, 8.219167, 8.219167, 8.219167, 8.219167, 8.219167, 8.219167, 8.219167, 8.219167, 8.219167, 8.219167, 8.219167, 8.219167, 8.219167, 8.219167, 8.219167, 8.219167, 8.219167, 8.219167, 8.219167, 8.219167, 8.219167, 8.219167, 8.219167, 8.219167, 8.219167, 8.219167, 8.219167, 8.219167, 8.219167, 8.219167, 8.219167, 8.219167, 8.219167, 8.219167, 8.219167, 8.219167, 8.219167, 8.219167, 8.219167, 8.219167, 8.219167, 8.219167, 8.219167, 8.219167, 8.219167, 8.219167, 8.219167, 8.219167, 8.219167, 8.219167, 8.219167, 8.219167, 8.219167, 8.219167, 8.219167, 8.219167, 8.219167, 8.219167, 8.219167, 8.219167, 8.219167, 8.219167, 8.219167, 8.219167, 8.219167, 8.219167, 8.219167, 8.219167, 8.219167, 8.219167, 8.219167, 8.219167, 8.219167, 8.219167, 8.219167, 8.219167, 8.219167, 8.219167, 8.219167, 8.219167, 8.219167, 8.219167, 8.219167, 8.219167, 8.219167, 8.219167, 8.219167, 8.219167, 8.219167, 8.219167, 8.219167, 8.219167, 8.219167, 8.219167, 8.219167, 8.219167, 8.219167, 8.219167, 8.219167, 8.219167, 8.219167, 8.219167, 8.219167, 8.219167, 8.219167, 8.219167, 8.219167, 8.219167, 8.219167, 8.219167, 8.219167 ],
      "par_prc_el" : [ 38.06, 38.03, 38.08, 39.07, 49.49, 55.95, 54.92, 52.14, 49.48, 50.0, 46.86, 43.56, 44.46, 46.69, 49.49, 52.13, 55.38, 60.18, 59.02, 54.96, 54.5, 48.29, 42.23, 41.44, 41.71, 42.38, 43.02, 44.2, 50.24, 58.0, 61.89, 55.95, 52.9, 47.76, 42.72, 41.73, 41.43, 42.72, 44.81, 52.99, 55.94, 61.67, 63.03, 60.01, 54.9, 50.55, 48.0, 46.23, 45.8, 44.99, 45.44, 46.26, 52.55, 59.98, 62.64, 58.06, 56.53, 55.91, 51.92, 50.99, 49.58, 50.95, 53.53, 54.95, 57.97, 60.38, 59.93, 58.01, 55.49, 50.93, 49.13, 45.48, 44.31, 42.99, 43.11, 44.65, 51.89, 57.71, 61.21, 60.94, 56.62, 55.43, 52.1, 50.7, 49.76, 51.07, 52.02, 52.97, 54.83, 55.41, 55.1, 53.79, 52.05, 50.21, 48.39, 42.98, 42.06, 41.83, 42.0, 41.92, 49.69, 55.01, 56.6, 55.96, 55.94, 54.88, 51.35, 50.18, 41.51, 39.5, 39.42, 42.67, 47.98, 50.42, 50.17, 50.57, 49.99, 46.5, 47.71, 41.9, 39.08, 39.08, 38.05, 36.72, 39.08, 41.4, 43.49, 39.82, 26.58, 22.26, 20.72, 15.76, 2.34, 11.93, 19.86, 21.48, 32.07, 39.03, 42.19, 46.95, 42.93, 39.05, 40.25, 34.58, 32.19, 30.64, 28.41, 29.93, 30.69, 32.69, 33.71, 32.36, 28.16, 28.41, 27.51, 21.74, 19.75, 20.95, 25.98, 29.55, 43.71, 50.17, 50.1, 50.0, 50.83, 49.94, 42.88, 40.8 ]
    },
    "tables" : { },
    "postprocessing" : {
      "scalars" : { },
      "sets" : { },
      "tables" : { }
    }
  } ],
  "postprocessing" : null
}